results/objectId,results/location/__type,results/location/latitude,results/location/longitude,results/cityId,results/name,results/country,results/countryCode,results/featureCode,results/adminCode,results/population,results/createdAt,results/updatedAt,results/muni
P22fWFrLjS,GeoPoint,42.71667,24.13333,725283,Zlatitsa,Bulgaria,BG,PPL,58,5786,2019-12-12T18:54:51.268Z,2019-12-12T18:54:51.268Z,
BFox5vwGAI,GeoPoint,42.7136,27.75867,725816,Sveti Vlas,Bulgaria,BG,PPL,39,3875,2019-12-12T18:54:51.269Z,2019-12-12T18:54:51.269Z,BGS15-02
l5tYeXSX9r,GeoPoint,43.76036,26.68063,725435,Zavet,Bulgaria,BG,PPLA2,52,3589,2019-12-12T18:54:51.268Z,2019-12-12T18:54:51.268Z,
kQmQJrylAZ,GeoPoint,42.02528,23.68417,725586,Yakoruda,Bulgaria,BG,PPL,38,6008,2019-12-12T18:54:51.268Z,2019-12-12T18:54:51.268Z,
CyVt2f0FTH,GeoPoint,43.19528,23.28611,725623,Varshets,Bulgaria,BG,PPL,47,7512,2019-12-12T18:54:51.268Z,2019-12-12T18:54:51.268Z,
6W382LMwDD,GeoPoint,43,26.63333,725649,Varbitsa,Bulgaria,BG,PPL,54,3803,2019-12-12T18:54:51.268Z,2019-12-12T18:54:51.268Z,
ztAiIScurS,GeoPoint,42.47889,22.74917,725402,Zemen,Bulgaria,BG,PPL,49,2107,2019-12-12T18:54:51.268Z,2019-12-12T18:54:51.268Z,
A8bzSff2Q9,GeoPoint,43.1896,27.70429,725213,Beloslav,Bulgaria,BG,PPLA2,61,7989,2019-12-12T18:54:51.268Z,2019-12-12T18:54:51.268Z,
Fi0HEgkfJe,GeoPoint,43.7,26.26667,725935,Vetovo,Bulgaria,BG,PPL,53,5175,2019-12-12T18:54:51.269Z,2019-12-12T18:54:51.269Z,
9lD66vq7tR,GeoPoint,42.48333,26.5,725578,Yambol,Bulgaria,BG,PPLA,65,80116,2019-12-12T18:54:51.268Z,2019-12-12T18:54:51.268Z,
yYLw06BQ8z,GeoPoint,43.05,25.9,725295,Zlataritsa,Bulgaria,BG,PPL,62,2468,2019-12-12T18:54:51.268Z,2019-12-12T18:54:51.268Z,
A6E3BtqdCE,GeoPoint,43.21,23.5625,725712,Vratsa,Bulgaria,BG,PPLA,64,64941,2019-12-12T18:54:51.269Z,2019-12-12T18:54:51.269Z,
F731T4GWVl,GeoPoint,41.3795,25.09605,725271,Zlatograd,Bulgaria,BG,PPLA2,57,7331,2019-12-12T18:54:51.268Z,2019-12-12T18:54:51.268Z,
Qbwe5Bq5cW,GeoPoint,43.31667,27.43333,725924,Vetrino,Bulgaria,BG,PPL,61,1368,2019-12-12T18:54:51.269Z,2019-12-12T18:54:51.269Z,
Tn21efb2FE,GeoPoint,43.99,22.8725,725905,Vidin,Bulgaria,BG,PPLA,63,54409,2019-12-12T18:54:51.269Z,2019-12-12T18:54:51.269Z,
MDhgzLSpzA,GeoPoint,43.69281,23.44518,725683,Valchedram,Bulgaria,BG,PPLA2,47,5207,2019-12-12T18:54:51.269Z,2019-12-12T18:54:51.269Z,
KAm7dUfh3Z,GeoPoint,43.4,27.55,725679,Valchidol,Bulgaria,BG,PPL,61,3697,2019-12-12T18:54:51.268Z,2019-12-12T18:54:51.268Z,
UG5DXtCoj8,GeoPoint,43.63472,23.3535,725588,Yakimovo,Bulgaria,BG,PPL,47,2665,2019-12-12T18:54:51.268Z,2019-12-12T18:54:51.268Z,
UpSj6brKvI,GeoPoint,42.4,25.08333,725404,Zelenikovo,Bulgaria,BG,PPLA3,51,0,2019-12-12T18:54:51.268Z,2019-12-12T18:54:51.268Z,PDV07-05
MDrNo6qva2,GeoPoint,43.03139,24.11278,725611,Yablanitsa,Bulgaria,BG,PPL,46,3237,2019-12-12T18:54:51.268Z,2019-12-12T18:54:51.268Z,
IV5pHRJn5p,GeoPoint,43.1,24.41667,726114,Ugarchin,Bulgaria,BG,PPL,46,2965,2019-12-12T18:54:51.728Z,2019-12-12T18:54:51.728Z,
dioTXNJw0s,GeoPoint,42.7,25.9,726130,Tvarditsa,Bulgaria,BG,PPL,56,6519,2019-12-12T18:54:51.728Z,2019-12-12T18:54:51.728Z,
PBd0zD0NyU,GeoPoint,43.55,26.93333,725967,Venets,Bulgaria,BG,PPL,54,1450,2019-12-12T18:54:51.727Z,2019-12-12T18:54:51.727Z,
1P7KxyhnfC,GeoPoint,42.02754,23.99155,725988,Velingrad,Bulgaria,BG,PPL,48,24036,2019-12-12T18:54:51.728Z,2019-12-12T18:54:51.728Z,
a8K1LDhxWb,GeoPoint,43.21667,27.91667,726050,Varna,Bulgaria,BG,PPLA,61,312770,2019-12-12T18:54:51.728Z,2019-12-12T18:54:51.728Z,
6eqGBk98sJ,GeoPoint,44.05,26.61667,726141,Tutrakan,Bulgaria,BG,PPLA2,55,10022,2019-12-12T18:54:51.728Z,2019-12-12T18:54:51.728Z,
LOJBfp3YXl,GeoPoint,43.08124,25.62904,725993,Veliko Tŭrnovo,Bulgaria,BG,PPLA,62,66217,2019-12-12T18:54:51.728Z,2019-12-12T18:54:51.728Z,
e7lSqnuOa0,GeoPoint,42.83528,22.65167,726307,Tran,Bulgaria,BG,PPLA2,49,3102,2019-12-12T18:54:51.728Z,2019-12-12T18:54:51.728Z,
28FWDdanoO,GeoPoint,43.53588,25.65764,726245,Tsenovo,Bulgaria,BG,PPLA2,53,2229,2019-12-12T18:54:51.728Z,2019-12-12T18:54:51.728Z,
WrYQ96llyz,GeoPoint,42.89427,24.71589,726320,Troyan,Bulgaria,BG,PPL,46,21162,2019-12-12T18:54:51.728Z,2019-12-12T18:54:51.728Z,
BEEnnUYkW8,GeoPoint,43.2512,26.57215,726174,Targovishte,Bulgaria,BG,PPLA,60,37774,2019-12-12T18:54:51.728Z,2019-12-12T18:54:51.728Z,
EcD52OnM4j,GeoPoint,42.86667,25.5,726287,Tryavna,Bulgaria,BG,PPL,41,13818,2019-12-12T18:54:51.728Z,2019-12-12T18:54:51.728Z,
eT6RttVnED,GeoPoint,43.85,26.46667,726434,Tochilari,Bulgaria,BG,PPLA3,52,0,2019-12-12T18:54:51.728Z,2019-12-12T18:54:51.728Z,RAZ16-14
O6nrGZjEaY,GeoPoint,42.08333,26.33333,726384,Topolovgrad,Bulgaria,BG,PPL,43,6464,2019-12-12T18:54:51.728Z,2019-12-12T18:54:51.728Z,
H04bLuA6Xw,GeoPoint,42.59692,22.95634,726489,Batanovtsi,Bulgaria,BG,PPL,49,2519,2019-12-12T18:54:51.728Z,2019-12-12T18:54:51.728Z,PER32-18
Fr5ugIGLgl,GeoPoint,41.9,25,726381,Topolovo,Bulgaria,BG,PPL,51,2600,2019-12-12T18:54:51.728Z,2019-12-12T18:54:51.728Z,PDV01-19
XOJgyJ2gGo,GeoPoint,43.56667,27.83333,726418,Dobrich,Bulgaria,BG,PPLA,40,94831,2019-12-12T18:54:51.728Z,2019-12-12T18:54:51.728Z,
BHUgQMTiEN,GeoPoint,42.91667,24.26667,726464,Teteven,Bulgaria,BG,PPL,46,10790,2019-12-12T18:54:51.728Z,2019-12-12T18:54:51.728Z,
aKkXinXi1Z,GeoPoint,42.96667,23.35,726524,Svoge,Bulgaria,BG,PPL,58,8964,2019-12-12T18:54:51.728Z,2019-12-12T18:54:51.728Z,
8Gj4hImKpL,GeoPoint,43.74789,27.40911,726474,Tervel,Bulgaria,BG,PPLA2,40,6808,2019-12-12T18:54:51.728Z,2019-12-12T18:54:51.728Z,
OJIFC9sfrs,GeoPoint,43.61959,25.35044,726534,Svishtov,Bulgaria,BG,PPL,62,32256,2019-12-12T18:54:52.039Z,2019-12-12T18:54:52.039Z,
EKfyZFqveH,GeoPoint,41.76667,26.2,726546,Svilengrad,Bulgaria,BG,PPL,43,19279,2019-12-12T18:54:52.039Z,2019-12-12T18:54:52.039Z,
6OEdvh07Vp,GeoPoint,42.76667,26.78333,726629,Sungurlare,Bulgaria,BG,PPL,39,3834,2019-12-12T18:54:52.039Z,2019-12-12T18:54:52.039Z,
7G9i3GDqRr,GeoPoint,42.43278,25.64194,726848,Stara Zagora,Bulgaria,BG,PPLA,59,143431,2019-12-12T18:54:52.039Z,2019-12-12T18:54:52.039Z,
TAmWgEMFBA,GeoPoint,42.5,24.31667,726723,Strelcha,Bulgaria,BG,PPL,48,4545,2019-12-12T18:54:52.039Z,2019-12-12T18:54:52.039Z,
6iHkMxULAg,GeoPoint,43.33058,27.59908,726591,Suvorovo,Bulgaria,BG,PPL,61,4563,2019-12-12T18:54:52.039Z,2019-12-12T18:54:52.039Z,
2ibGeiquR9,GeoPoint,42.13333,24.53333,726890,Stamboliyski,Bulgaria,BG,PPL,51,12070,2019-12-12T18:54:52.039Z,2019-12-12T18:54:52.039Z,
uLLnXkHSgl,GeoPoint,43.19167,25.18111,726643,Suhindol,Bulgaria,BG,PPL,62,2364,2019-12-12T18:54:52.039Z,2019-12-12T18:54:52.039Z,
yd3DNQvzYK,GeoPoint,42.26667,24.55,726657,Saedinenie,Bulgaria,BG,PPL,51,6427,2019-12-12T18:54:52.039Z,2019-12-12T18:54:52.039Z,
BGsEm6J3tt,GeoPoint,43.23333,25.96667,726727,Strazhitsa,Bulgaria,BG,PPL,62,5728,2019-12-12T18:54:52.039Z,2019-12-12T18:54:52.039Z,
8sr99QtFVp,GeoPoint,41.73835,24.02435,726612,Sarnitsa,Bulgaria,BG,PPLA2,48,0,2019-12-12T18:54:52.039Z,2019-12-12T18:54:52.039Z,PAZ08-15
HQGXKc5uN5,GeoPoint,42.6,26.68333,726748,Straldzha,Bulgaria,BG,PPL,65,5817,2019-12-12T18:54:52.039Z,2019-12-12T18:54:52.039Z,
qSGpMtlRrD,GeoPoint,43.70168,28.30399,726954,Spasovo,Bulgaria,BG,PPLA2,40,0,2019-12-12T18:54:52.039Z,2019-12-12T18:54:52.039Z,DOB12-36
6mQN6ATEk2,GeoPoint,41.8,23.18333,726863,Stara Kresna,Bulgaria,BG,PPL,38,3586,2019-12-12T18:54:52.039Z,2019-12-12T18:54:52.039Z,
fyUqY8LjdZ,GeoPoint,43.06667,27.01667,727025,Smyadovo,Bulgaria,BG,PPL,54,4231,2019-12-12T18:54:52.039Z,2019-12-12T18:54:52.039Z,
pvDONzfGel,GeoPoint,42.26667,23.11667,726872,Dupnitsa,Bulgaria,BG,PPL,45,34764,2019-12-12T18:54:52.039Z,2019-12-12T18:54:52.039Z,
95LtaQFTcu,GeoPoint,41.63333,23.2,726693,Strumyani,Bulgaria,BG,PPL,38,1058,2019-12-12T18:54:52.039Z,2019-12-12T18:54:52.039Z,
k7qcxvkBqt,GeoPoint,42.41801,27.6956,726963,Sozopol,Bulgaria,BG,PPLA2,39,4500,2019-12-12T18:54:52.039Z,2019-12-12T18:54:52.039Z,
EljtOGUKjB,GeoPoint,41.57439,24.71204,727030,Smolyan,Bulgaria,BG,PPLA,57,32069,2019-12-12T18:54:52.039Z,2019-12-12T18:54:52.039Z,
HILXhQJedR,GeoPoint,42.69751,23.32415,727011,Sofia,Bulgaria,BG,PPLC,42,1152556,2019-12-12T18:54:52.039Z,2019-12-12T18:54:52.039Z,
vqcC8sI481,GeoPoint,43.94248,26.20464,727067,Slivo Pole,Bulgaria,BG,PPLA2,53,3252,2019-12-12T18:54:52.370Z,2019-12-12T18:54:52.370Z,
bEKMivsbzQ,GeoPoint,42.85182,23.03792,727069,Slivnitsa,Bulgaria,BG,PPLA2,58,7545,2019-12-12T18:54:52.370Z,2019-12-12T18:54:52.370Z,
VFCAwZnsKO,GeoPoint,41.88333,23.11667,727212,Simitli,Bulgaria,BG,PPL,38,6729,2019-12-12T18:54:52.370Z,2019-12-12T18:54:52.370Z,
RrkkzvwPZs,GeoPoint,42.21138,24.12946,727354,Septemvri,Bulgaria,BG,PPLA2,48,8745,2019-12-12T18:54:52.370Z,2019-12-12T18:54:52.370Z,
Z0gk7KJclZ,GeoPoint,42.71667,25.33333,727291,Shipka,Bulgaria,BG,PPL,59,1604,2019-12-12T18:54:52.370Z,2019-12-12T18:54:52.370Z,SZR12-18
RhFcrCPvvW,GeoPoint,44.0273,27.01982,727175,Sitovo,Bulgaria,BG,PPLA2,55,1140,2019-12-12T18:54:52.370Z,2019-12-12T18:54:52.370Z,
WmCCCAu10R,GeoPoint,43.46667,24.86667,727087,Slavyanovo,Bulgaria,BG,PPL,50,4793,2019-12-12T18:54:52.370Z,2019-12-12T18:54:52.370Z,PVN24-20
gSQmm2Hidl,GeoPoint,42.56079,27.52195,727434,Sarafovo,Bulgaria,BG,PPL,39,3290,2019-12-12T18:54:52.370Z,2019-12-12T18:54:52.370Z,
pzMKIawPqW,GeoPoint,42.03333,25.83333,727217,Simeonovgrad,Bulgaria,BG,PPL,43,7388,2019-12-12T18:54:52.370Z,2019-12-12T18:54:52.370Z,
rbSqgMGDXO,GeoPoint,41.56667,23.28333,727447,Sandanski,Bulgaria,BG,PPL,38,26459,2019-12-12T18:54:52.370Z,2019-12-12T18:54:52.370Z,
2QwzNGuub8,GeoPoint,42.68583,26.32917,727079,Sliven,Bulgaria,BG,PPLA,56,96368,2019-12-12T18:54:52.370Z,2019-12-12T18:54:52.370Z,
vjFq9UgDU7,GeoPoint,43.27064,26.92286,727233,Shumen,Bulgaria,BG,PPLA,54,87283,2019-12-12T18:54:52.370Z,2019-12-12T18:54:52.370Z,
HCgyFer0iV,GeoPoint,43.53983,28.53429,727329,Shabla,Bulgaria,BG,PPLA2,40,3901,2019-12-12T18:54:52.370Z,2019-12-12T18:54:52.370Z,
4zMm8759ta,GeoPoint,42.28333,23.26667,727441,Sapareva Banya,Bulgaria,BG,PPL,45,4610,2019-12-12T18:54:52.370Z,2019-12-12T18:54:52.370Z,
qo7aoUrQB8,GeoPoint,44.11667,27.26667,727221,Silistra,Bulgaria,BG,PPLA,55,39715,2019-12-12T18:54:52.370Z,2019-12-12T18:54:52.370Z,
nIn17U80AW,GeoPoint,43.51667,26.75,727455,Samuil,Bulgaria,BG,PPL,52,2283,2019-12-12T18:54:52.370Z,2019-12-12T18:54:52.370Z,
QGnxiRtRQO,GeoPoint,42.337,23.5528,727462,Samokov,Bulgaria,BG,PPL,58,26765,2019-12-12T18:54:52.370Z,2019-12-12T18:54:52.370Z,
vtEtCa39Fp,GeoPoint,43.65,26.36667,727358,Senovo,Bulgaria,BG,PPL,53,1459,2019-12-12T18:54:52.370Z,2019-12-12T18:54:52.370Z,RSE05-08
MFIBMCBhbC,GeoPoint,43.02583,25.11361,727337,Sevlievo,Bulgaria,BG,PPL,41,24582,2019-12-12T18:54:52.370Z,2019-12-12T18:54:52.370Z,
f1sBD8JfUG,GeoPoint,41.61667,23.98333,727423,Satovcha,Bulgaria,BG,PPL,38,2382,2019-12-12T18:54:52.370Z,2019-12-12T18:54:52.370Z,
yFPZwo5YBs,GeoPoint,43.62179,22.83286,727495,Ruzhintsi,Bulgaria,BG,PPLA2,63,1269,2019-12-12T18:54:52.741Z,2019-12-12T18:54:52.741Z,
OjJxTOwQts,GeoPoint,43.85639,25.97083,727523,Ruse,Bulgaria,BG,PPLA,53,156238,2019-12-12T18:54:52.741Z,2019-12-12T18:54:52.741Z,
8YKjYWm8WB,GeoPoint,42.13178,24.93999,727479,Sadovo,Bulgaria,BG,PPL,51,2656,2019-12-12T18:54:52.741Z,2019-12-12T18:54:52.741Z,
YDXICul2h6,GeoPoint,41.48751,24.84945,727552,Rudozem,Bulgaria,BG,PPLA2,57,3783,2019-12-12T18:54:52.741Z,2019-12-12T18:54:52.741Z,
6yBozkRk90,GeoPoint,42.8,27.28333,727547,Ruen,Bulgaria,BG,PPL,39,2339,2019-12-12T18:54:52.741Z,2019-12-12T18:54:52.741Z,
NAxeGsR3uO,GeoPoint,41.8863,23.46714,727689,Razlog,Bulgaria,BG,PPL,38,12486,2019-12-12T18:54:52.741Z,2019-12-12T18:54:52.741Z,
CHw7N5WmQE,GeoPoint,42.13333,23.13333,727628,Rila,Bulgaria,BG,PPL,45,3002,2019-12-12T18:54:52.741Z,2019-12-12T18:54:52.741Z,
JTyOhvmWgp,GeoPoint,43.15,23.91667,727598,Roman,Bulgaria,BG,PPL,64,3571,2019-12-12T18:54:52.741Z,2019-12-12T18:54:52.741Z,
3nqzR8aAcJ,GeoPoint,42.64185,27.67713,727759,Ravda,Bulgaria,BG,PPL,39,2556,2019-12-12T18:54:52.742Z,2019-12-12T18:54:52.742Z,BGS15-08
r6sQ3zECJI,GeoPoint,43.53333,26.51667,727696,Razgrad,Bulgaria,BG,PPLA,52,38285,2019-12-12T18:54:52.741Z,2019-12-12T18:54:52.741Z,
kzhZwLTT3f,GeoPoint,42.3,25.93333,727838,Radnevo,Bulgaria,BG,PPL,59,14667,2019-12-12T18:54:52.742Z,2019-12-12T18:54:52.742Z,
vT8VdHpVcI,GeoPoint,41.99012,24.0873,727801,Rakitovo,Bulgaria,BG,PPLA2,48,8376,2019-12-12T18:54:52.742Z,2019-12-12T18:54:52.742Z,
0lKlQChsCE,GeoPoint,43.15,25.65,727884,Parvomaytsi,Bulgaria,BG,PPL,62,2867,2019-12-12T18:54:52.742Z,2019-12-12T18:54:52.742Z,VTR06-10
VKcexDo1Bm,GeoPoint,42.3,24.96667,727791,Rakovski,Bulgaria,BG,PPL,51,15782,2019-12-12T18:54:52.742Z,2019-12-12T18:54:52.742Z,
Z0RIJcN5e3,GeoPoint,42.88333,23.91667,728011,Pravets,Bulgaria,BG,PPL,58,4400,2019-12-12T18:54:52.742Z,2019-12-12T18:54:52.742Z,
YJPHcvrzLq,GeoPoint,42.54565,22.96553,727832,Radomir,Bulgaria,BG,PPL,49,14755,2019-12-12T18:54:52.742Z,2019-12-12T18:54:52.742Z,
FRtCIjHG7w,GeoPoint,42.1,25.21667,727886,Parvomay,Bulgaria,BG,PPLA2,51,17000,2019-12-12T18:54:52.742Z,2019-12-12T18:54:52.742Z,BLG33-34
uCGmQjtBsz,GeoPoint,43.18333,27.43333,727921,Provadia,Bulgaria,BG,PPL,61,13755,2019-12-12T18:54:52.742Z,2019-12-12T18:54:52.742Z,
n6OZnGSFYo,GeoPoint,43.16667,26.81667,727987,Veliki Preslav,Bulgaria,BG,PPL,54,9425,2019-12-12T18:54:52.742Z,2019-12-12T18:54:52.742Z,
I7CwSReWCe,GeoPoint,42.26791,27.75611,727964,Primorsko,Bulgaria,BG,PPLA2,39,2798,2019-12-12T18:54:52.742Z,2019-12-12T18:54:52.742Z,
2vv2OROmBR,GeoPoint,43.38333,24.85,728056,Pordim,Bulgaria,BG,PPL,50,2230,2019-12-12T18:54:53.015Z,2019-12-12T18:54:53.015Z,
ZfZoxkUTvJ,GeoPoint,43.36667,27.11667,728199,Pliska,Bulgaria,BG,PPL,54,1263,2019-12-12T18:54:53.015Z,2019-12-12T18:54:53.015Z,SHU19-09
lCEoA96K75,GeoPoint,42.56326,27.62986,728108,Pomorie,Bulgaria,BG,PPLA2,39,13714,2019-12-12T18:54:53.015Z,2019-12-12T18:54:53.015Z,
ECiAUAzaPG,GeoPoint,41.39846,23.20702,728288,Petrich,Bulgaria,BG,PPL,38,30308,2019-12-12T18:54:53.015Z,2019-12-12T18:54:53.015Z,
hwHtXwL0g5,GeoPoint,42.15,24.75,728193,Plovdiv,Bulgaria,BG,PPLA,51,340494,2019-12-12T18:54:53.015Z,2019-12-12T18:54:53.015Z,
HnpRS6BDrX,GeoPoint,43.38361,25.64972,728124,Polski Trambesh,Bulgaria,BG,PPL,62,5663,2019-12-12T18:54:53.015Z,2019-12-12T18:54:53.015Z,
epm5YtWNOj,GeoPoint,43.35,26.23333,728075,Popovo,Bulgaria,BG,PPL,60,16571,2019-12-12T18:54:53.015Z,2019-12-12T18:54:53.015Z,
vpFgfbIH2w,GeoPoint,43.41667,24.61667,728203,Pleven,Bulgaria,BG,PPLA,50,118675,2019-12-12T18:54:53.015Z,2019-12-12T18:54:53.015Z,
MgL8xXDHiq,GeoPoint,42.6,23.03333,728330,Pernik,Bulgaria,BG,PPLA,49,82467,2019-12-12T18:54:53.015Z,2019-12-12T18:54:53.015Z,
0xoa0bXGcJ,GeoPoint,43.73504,23.95792,728565,Oryahovo,Bulgaria,BG,PPLA2,64,5706,2019-12-12T18:54:53.015Z,2019-12-12T18:54:53.015Z,
gOS4Ql3xHJ,GeoPoint,42.03372,24.29995,728317,Peshtera,Bulgaria,BG,PPLA2,48,18676,2019-12-12T18:54:53.015Z,2019-12-12T18:54:53.015Z,
ouspQ90l9m,GeoPoint,42.7,24.18333,728251,Pirdop,Bulgaria,BG,PPL,58,8136,2019-12-12T18:54:53.015Z,2019-12-12T18:54:53.015Z,
aVBHgja4AG,GeoPoint,43.1,26.41667,728634,Omurtag,Bulgaria,BG,PPL,60,9070,2019-12-12T18:54:53.015Z,2019-12-12T18:54:53.015Z,
qPZZFFKstp,GeoPoint,42.49518,24.19021,728448,Panagyurishte,Bulgaria,BG,PPLA2,48,19389,2019-12-12T18:54:53.015Z,2019-12-12T18:54:53.015Z,
jbTrTrraCf,GeoPoint,42.2,24.33333,728378,Pazardzhik,Bulgaria,BG,PPLA,48,75977,2019-12-12T18:54:53.015Z,2019-12-12T18:54:53.015Z,
oMTguqRI7A,GeoPoint,43.24278,25.32194,728385,Pavlikeni,Bulgaria,BG,PPL,62,12214,2019-12-12T18:54:53.015Z,2019-12-12T18:54:53.015Z,
Ug66TtRNdE,GeoPoint,42.05,24.55,728321,Perushtitsa,Bulgaria,BG,PPL,51,5350,2019-12-12T18:54:53.015Z,2019-12-12T18:54:53.015Z,
u0kzsu0HJE,GeoPoint,43.45,26.16667,728631,Opaka,Bulgaria,BG,PPL,60,3002,2019-12-12T18:54:53.015Z,2019-12-12T18:54:53.015Z,
xvtH1XMudx,GeoPoint,43.45,24.26667,728348,Iskar,Bulgaria,BG,PPL,50,4329,2019-12-12T18:54:53.015Z,2019-12-12T18:54:53.015Z,
GV0LBHzcxl,GeoPoint,42.6,25.2,728389,Pavel Banya,Bulgaria,BG,PPL,59,3212,2019-12-12T18:54:53.015Z,2019-12-12T18:54:53.015Z,
Gd0zKeZh3w,GeoPoint,44.15861,22.78667,728709,Novo Selo,Bulgaria,BG,PPLA2,63,1574,2019-12-12T18:54:53.381Z,2019-12-12T18:54:53.381Z,
pkIRpfDylD,GeoPoint,43.70255,24.89645,728782,Nikopol,Bulgaria,BG,PPLA2,50,4137,2019-12-12T18:54:53.381Z,2019-12-12T18:54:53.381Z,
0CNY40A0op,GeoPoint,42.81998,27.88007,728674,Obzor,Bulgaria,BG,PPL,39,2002,2019-12-12T18:54:53.381Z,2019-12-12T18:54:53.381Z,BGS15-05
xNwIPjUIvX,GeoPoint,43.35,27.2,728734,Novi Pazar,Bulgaria,BG,PPL,54,13276,2019-12-12T18:54:53.381Z,2019-12-12T18:54:53.381Z,
dHpVvOeZiL,GeoPoint,42.48333,26.01667,728742,Nova Zagora,Bulgaria,BG,PPL,56,24340,2019-12-12T18:54:53.381Z,2019-12-12T18:54:53.381Z,
GwoyG3G44b,GeoPoint,42.65921,27.73602,728825,Nesebar,Bulgaria,BG,PPL,39,6302,2019-12-12T18:54:53.381Z,2019-12-12T18:54:53.381Z,
uybMJGdQ2J,GeoPoint,42.63333,25.8,728795,Nikolaevo,Bulgaria,BG,PPL,59,3160,2019-12-12T18:54:53.381Z,2019-12-12T18:54:53.381Z,
ssybuOF2Ij,GeoPoint,42.6,25.55,728928,Maglizh,Bulgaria,BG,PPL,59,3643,2019-12-12T18:54:53.381Z,2019-12-12T18:54:53.381Z,
wavllpe4Vz,GeoPoint,41.45602,25.08008,728851,Nedelino,Bulgaria,BG,PPLA2,57,5017,2019-12-12T18:54:53.381Z,2019-12-12T18:54:53.381Z,
jsde7xGHfw,GeoPoint,42.25551,22.85175,728818,Nevestino,Bulgaria,BG,PPLA2,45,779,2019-12-12T18:54:53.381Z,2019-12-12T18:54:53.381Z,
LyvtONzAYF,GeoPoint,41.91667,25.35,729073,Mineralni Bani,Bulgaria,BG,PPL,43,1367,2019-12-12T18:54:53.381Z,2019-12-12T18:54:53.381Z,
GrInJmdZuQ,GeoPoint,42.7,23.98333,729064,Mirkovo,Bulgaria,BG,PPL,58,1882,2019-12-12T18:54:53.381Z,2019-12-12T18:54:53.381Z,
EIKznGykvR,GeoPoint,43.68623,23.85371,729040,Mizia,Bulgaria,BG,PPLA2,64,3712,2019-12-12T18:54:53.381Z,2019-12-12T18:54:53.381Z,
enRN3cMITC,GeoPoint,42.16955,27.84541,729125,Tsarevo,Bulgaria,BG,PPL,39,6085,2019-12-12T18:54:53.381Z,2019-12-12T18:54:53.381Z,
UQr6IkHFlT,GeoPoint,43.4125,23.225,729114,Montana,Bulgaria,BG,PPLA,47,47445,2019-12-12T18:54:53.381Z,2019-12-12T18:54:53.381Z,
ZnpTwucewG,GeoPoint,43.62403,23.16876,729174,Medkovets,Bulgaria,BG,PPLA2,47,2690,2019-12-12T18:54:53.382Z,2019-12-12T18:54:53.382Z,
wCyxvBPHe4,GeoPoint,43.76667,26.51667,729170,Medovene,Bulgaria,BG,PPLA3,52,0,2019-12-12T18:54:53.381Z,2019-12-12T18:54:53.381Z,RAZ16-07
qPCxiPl4jW,GeoPoint,43.15,23.7,729134,Mezdra,Bulgaria,BG,PPL,64,11975,2019-12-12T18:54:53.381Z,2019-12-12T18:54:53.381Z,
o1XhhsPD7i,GeoPoint,43.76794,22.66406,729401,Makresh,Bulgaria,BG,PPLA2,63,660,2019-12-12T18:54:53.382Z,2019-12-12T18:54:53.382Z,
OENA5lF3fG,GeoPoint,41.97958,27.52477,729322,Malko Tarnovo,Bulgaria,BG,PPL,39,3336,2019-12-12T18:54:53.382Z,2019-12-12T18:54:53.382Z,
flndYi9KDP,GeoPoint,41.83333,26.08333,729466,Lyubimets,Bulgaria,BG,PPL,43,8065,2019-12-12T18:54:53.692Z,2019-12-12T18:54:53.692Z,
csJ8UdbIt9,GeoPoint,41.63461,25.86439,729428,Madzharovo,Bulgaria,BG,PPL,43,1319,2019-12-12T18:54:53.692Z,2019-12-12T18:54:53.692Z,
emRDcNbZI5,GeoPoint,43.11111,25.72833,729489,Lyaskovets,Bulgaria,BG,PPL,62,8488,2019-12-12T18:54:53.692Z,2019-12-12T18:54:53.692Z,
QzPSVRM9CR,GeoPoint,43.2,24.16667,729507,Lukovit,Bulgaria,BG,PPL,46,9792,2019-12-12T18:54:53.692Z,2019-12-12T18:54:53.692Z,
H5Dt0DYEzl,GeoPoint,41.49869,24.93973,729439,Madan,Bulgaria,BG,PPLA2,57,5661,2019-12-12T18:54:53.692Z,2019-12-12T18:54:53.692Z,
ujeVfVIOzM,GeoPoint,43.13333,24.71667,729559,Lovech,Bulgaria,BG,PPLA,46,42211,2019-12-12T18:54:53.692Z,2019-12-12T18:54:53.692Z,
9eHwReE66s,GeoPoint,41.85,24.81667,729509,Laki,Bulgaria,BG,PPL,51,3258,2019-12-12T18:54:53.692Z,2019-12-12T18:54:53.692Z,
jGDQbO47BC,GeoPoint,43.31167,25.07333,729646,Letnitsa,Bulgaria,BG,PPL,46,3528,2019-12-12T18:54:53.692Z,2019-12-12T18:54:53.692Z,
0EyR8apEoC,GeoPoint,43.36667,26.6,729530,Loznitsa,Bulgaria,BG,PPL,52,2971,2019-12-12T18:54:53.692Z,2019-12-12T18:54:53.692Z,
gOxfHhZNwF,GeoPoint,43.81389,23.23611,729581,Lom,Bulgaria,BG,PPLA2,47,26594,2019-12-12T18:54:53.692Z,2019-12-12T18:54:53.692Z,
DyVGbpMmyZ,GeoPoint,43.05,23.4,729722,Lakatnik,Bulgaria,BG,PPLA3,58,0,2019-12-12T18:54:53.692Z,2019-12-12T18:54:53.692Z,SFO43-09
UTTn3RGilO,GeoPoint,43.36667,25.13333,729636,Levski,Bulgaria,BG,PPL,50,11467,2019-12-12T18:54:53.692Z,2019-12-12T18:54:53.692Z,
dEsaCGhNTd,GeoPoint,42.28389,22.69111,729730,Kyustendil,Bulgaria,BG,PPLA,45,48286,2019-12-12T18:54:53.692Z,2019-12-12T18:54:53.692Z,
4Hmia84sGw,GeoPoint,43.81675,27.75552,729880,Krushari,Bulgaria,BG,PPLA2,40,1722,2019-12-12T18:54:53.692Z,2019-12-12T18:54:53.692Z,
s02YZBHcNm,GeoPoint,41.65,25.36667,729794,Kardzhali,Bulgaria,BG,PPLA,44,51000,2019-12-12T18:54:53.692Z,2019-12-12T18:54:53.692Z,
Gbm36Q7LUo,GeoPoint,41.47127,25.65485,729896,Krumovgrad,Bulgaria,BG,PPLA2,44,5271,2019-12-12T18:54:53.692Z,2019-12-12T18:54:53.692Z,
UXE1SBtdLF,GeoPoint,42.35626,24.1119,729667,Lesichovo,Bulgaria,BG,PPL,48,1206,2019-12-12T18:54:53.692Z,2019-12-12T18:54:53.692Z,
n0g8hmw9va,GeoPoint,43.88833,22.52139,729825,Kula,Bulgaria,BG,PPLA2,63,3738,2019-12-12T18:54:53.692Z,2019-12-12T18:54:53.692Z,
UngSrfPNBB,GeoPoint,43.37444,23.48444,729909,Krivodol,Bulgaria,BG,PPL,64,3651,2019-12-12T18:54:53.692Z,2019-12-12T18:54:53.692Z,
BdUotaSosz,GeoPoint,43.79658,26.50063,729839,Kubrat,Bulgaria,BG,PPLA2,52,8980,2019-12-12T18:54:53.692Z,2019-12-12T18:54:53.692Z,
cO1YvHRbnK,GeoPoint,42.05,24.46667,729936,Krichim,Bulgaria,BG,PPL,51,8580,2019-12-12T18:54:54.006Z,2019-12-12T18:54:54.006Z,
ScEoDMPt8b,GeoPoint,43.35,24.13333,730040,Koynare,Bulgaria,BG,PPL,50,2926,2019-12-12T18:54:54.007Z,2019-12-12T18:54:54.007Z,PVN37-05
DA8bK1PH0C,GeoPoint,42.08439,23.0571,730268,Kocherinovo,Bulgaria,BG,PPL,45,2872,2019-12-12T18:54:54.007Z,2019-12-12T18:54:54.007Z,
K7ESYJmWLj,GeoPoint,43.08333,27.31667,730337,Kiten,Bulgaria,BG,PPL,61,1115,2019-12-12T18:54:54.007Z,2019-12-12T18:54:54.007Z,
QHUHAstaf4,GeoPoint,42.23424,27.7749,730338,Kiten,Bulgaria,BG,PPL,39,1115,2019-12-12T18:54:54.007Z,2019-12-12T18:54:54.007Z,BGS27-04
eGFIUf3zNh,GeoPoint,42.81667,23.21667,730084,Kostinbrod,Bulgaria,BG,PPL,58,12175,2019-12-12T18:54:54.007Z,2019-12-12T18:54:54.007Z,
EqmuBB4BbG,GeoPoint,43.5,24.08333,730287,Knezha,Bulgaria,BG,PPL,50,6889,2019-12-12T18:54:54.007Z,2019-12-12T18:54:54.007Z,
GyMIlAnsFc,GeoPoint,41.32715,25.36379,730355,Kirkovo,Bulgaria,BG,PPLA2,44,700,2019-12-12T18:54:54.007Z,2019-12-12T18:54:54.007Z,
pvZEsGUPbZ,GeoPoint,41.73333,23.15,729942,Kresna,Bulgaria,BG,PPL,38,4117,2019-12-12T18:54:54.006Z,2019-12-12T18:54:54.006Z,
oyNHPpYnQE,GeoPoint,42.7,24.45,730301,Klisura,Bulgaria,BG,PPL,51,1485,2019-12-12T18:54:54.007Z,2019-12-12T18:54:54.007Z,PDV13-14
xrgJgA1IUO,GeoPoint,42.88333,26.45,730073,Kotel,Bulgaria,BG,PPL,56,6421,2019-12-12T18:54:54.007Z,2019-12-12T18:54:54.007Z,
euA10weHhr,GeoPoint,43.60193,23.66135,730425,Hayredin,Bulgaria,BG,PPLA2,64,2228,2019-12-12T18:54:54.007Z,2019-12-12T18:54:54.007Z,
yUySqaoBl6,GeoPoint,43.77864,23.72058,730013,Kozloduy,Bulgaria,BG,PPLA2,64,14717,2019-12-12T18:54:54.006Z,2019-12-12T18:54:54.006Z,
JgRPHNtECD,GeoPoint,42.63333,24.35,730159,Koprivshtitsa,Bulgaria,BG,PPL,58,2885,2019-12-12T18:54:54.007Z,2019-12-12T18:54:54.007Z,
3ZuwomJDgW,GeoPoint,42.5,24.7,730419,Hisarya,Bulgaria,BG,PPL,51,7903,2019-12-12T18:54:54.007Z,2019-12-12T18:54:54.007Z,
G15QZcY1Fd,GeoPoint,43.61667,26.25,730415,Tsar Kaloyan,Bulgaria,BG,PPL,52,3994,2019-12-12T18:54:54.007Z,2019-12-12T18:54:54.007Z,
2x5IwYKOzV,GeoPoint,42.98333,25.63333,730367,Kilifarevo,Bulgaria,BG,PPL,62,2497,2019-12-12T18:54:54.007Z,2019-12-12T18:54:54.007Z,VTR04-17
EHAwC8biuT,GeoPoint,41.93415,25.55557,730435,Haskovo,Bulgaria,BG,PPLA,43,79699,2019-12-12T18:54:54.007Z,2019-12-12T18:54:54.007Z,
dCCeFZCnWx,GeoPoint,41.93333,25.9,730442,Harmanli,Bulgaria,BG,PPL,43,18931,2019-12-12T18:54:54.007Z,2019-12-12T18:54:54.007Z,
pgLEXGv4fS,GeoPoint,41.52222,23.86861,730464,Hadzhidimovo,Bulgaria,BG,PPL,38,3167,2019-12-12T18:54:54.007Z,2019-12-12T18:54:54.007Z,
xjEtxcN7Qz,GeoPoint,43.43601,28.33953,730518,Kavarna,Bulgaria,BG,PPLA2,40,11205,2019-12-12T18:54:54.288Z,2019-12-12T18:54:54.288Z,
eQrWBBEoAh,GeoPoint,42.61667,25.4,730496,Kazanlak,Bulgaria,BG,PPL,59,55196,2019-12-12T18:54:54.288Z,2019-12-12T18:54:54.288Z,
uWyRZLyx1j,GeoPoint,42.57084,27.29875,730680,Kameno,Bulgaria,BG,PPL,39,4952,2019-12-12T18:54:54.289Z,2019-12-12T18:54:54.289Z,
2Ch0B53ZpF,GeoPoint,43.61667,27.11667,730651,Kaolinovo,Bulgaria,BG,PPL,54,1537,2019-12-12T18:54:54.289Z,2019-12-12T18:54:54.289Z,
EvqPT2JemO,GeoPoint,43.31667,27.16667,730542,Kaspichan,Bulgaria,BG,PPLA3,54,3635,2019-12-12T18:54:54.288Z,2019-12-12T18:54:54.288Z,SHU19-03
QowqqsQokB,GeoPoint,43.99278,27.50713,730504,Kaynardzha,Bulgaria,BG,PPLA2,55,1107,2019-12-12T18:54:54.288Z,2019-12-12T18:54:54.288Z,
XPkdRdArFn,GeoPoint,42.5,26.25,730478,Kermen,Bulgaria,BG,PPL,56,2222,2019-12-12T18:54:54.288Z,2019-12-12T18:54:54.288Z,SLV20-23
ZAjRwCdh0J,GeoPoint,42.65,26.98333,730559,Karnobat,Bulgaria,BG,PPL,39,19709,2019-12-12T18:54:54.289Z,2019-12-12T18:54:54.289Z,
rJI0txE52d,GeoPoint,42.66667,25.8,730969,Gurkovo,Bulgaria,BG,PPL,59,2889,2019-12-12T18:54:54.289Z,2019-12-12T18:54:54.289Z,
TBTRxTnxFh,GeoPoint,42.63333,24.8,730565,Karlovo,Bulgaria,BG,PPL,51,19958,2019-12-12T18:54:54.289Z,2019-12-12T18:54:54.289Z,
Y7xovxHKCW,GeoPoint,43.64109,24.69368,730982,Gulyantsi,Bulgaria,BG,PPLA2,50,3589,2019-12-12T18:54:54.289Z,2019-12-12T18:54:54.289Z,
C73kMjszm1,GeoPoint,43.71667,26.83333,730866,Isperih,Bulgaria,BG,PPL,52,9735,2019-12-12T18:54:54.289Z,2019-12-12T18:54:54.289Z,
ApVQjGVyHu,GeoPoint,43.68568,25.95565,730852,Ivanovo,Bulgaria,BG,PPLA2,53,1031,2019-12-12T18:54:54.289Z,2019-12-12T18:54:54.289Z,
KJ2FhAypUp,GeoPoint,42.13333,25.85,730987,Gŭlŭbovo,Bulgaria,BG,PPL,59,8400,2019-12-12T18:54:54.289Z,2019-12-12T18:54:54.289Z,
1AU2FojaxG,GeoPoint,42.61667,24.98333,730744,Kalofer,Bulgaria,BG,PPL,51,3248,2019-12-12T18:54:54.289Z,2019-12-12T18:54:54.289Z,PDV13-11
0L3W9qeCqq,GeoPoint,42.35,24.73333,730733,Kaloyanovo,Bulgaria,BG,PPL,51,2782,2019-12-12T18:54:54.289Z,2019-12-12T18:54:54.289Z,
yirNgW0b2m,GeoPoint,41.52672,26.1249,730837,Ivaylovgrad,Bulgaria,BG,PPL,43,3969,2019-12-12T18:54:54.289Z,2019-12-12T18:54:54.289Z,
BA1EErdv3M,GeoPoint,41.6,23.81667,730960,Garmen,Bulgaria,BG,PPL,38,1838,2019-12-12T18:54:54.289Z,2019-12-12T18:54:54.289Z,
QOUyykApd5,GeoPoint,42.43333,23.81667,730919,Ihtiman,Bulgaria,BG,PPL,58,14154,2019-12-12T18:54:54.289Z,2019-12-12T18:54:54.289Z,
GCjIVsNiXm,GeoPoint,43.6708,24.45233,730873,Iskar,Bulgaria,BG,PPLA2,50,0,2019-12-12T18:54:54.289Z,2019-12-12T18:54:54.289Z,
lLAe0C6OLv,GeoPoint,43.83738,22.65279,731056,Gramada,Bulgaria,BG,PPLA2,63,1872,2019-12-12T18:54:54.605Z,2019-12-12T18:54:54.605Z,
BX8DSWVflG,GeoPoint,41.56667,23.73333,731108,Gotse Delchev,Bulgaria,BG,PPL,38,20471,2019-12-12T18:54:54.606Z,2019-12-12T18:54:54.606Z,
TFMaYtOOoG,GeoPoint,43.91667,26.83333,731415,Glavinitsa,Bulgaria,BG,PPL,55,2220,2019-12-12T18:54:54.606Z,2019-12-12T18:54:54.606Z,
Fr3NcEDADV,GeoPoint,41.66326,24.37557,731100,Gyovren,Bulgaria,BG,PPL,57,1040,2019-12-12T18:54:54.606Z,2019-12-12T18:54:54.606Z,SML09-04
ARLFOWF6cC,GeoPoint,42.34747,27.17898,731016,Sredets,Bulgaria,BG,PPL,39,9573,2019-12-12T18:54:54.605Z,2019-12-12T18:54:54.605Z,
AJAm5Ag5Ww,GeoPoint,42.68333,23.7,731239,Gorna Malina,Bulgaria,BG,PPL,58,1501,2019-12-12T18:54:54.606Z,2019-12-12T18:54:54.606Z,
AmQFRSdBIW,GeoPoint,43.12778,25.70167,731233,Gorna Oryahovitsa,Bulgaria,BG,PPL,62,38553,2019-12-12T18:54:54.606Z,2019-12-12T18:54:54.606Z,
qJggA51kxn,GeoPoint,43.85,26.45,731268,Gorichevo,Bulgaria,BG,PPLA3,52,0,2019-12-12T18:54:54.606Z,2019-12-12T18:54:54.606Z,RAZ16-04
3BnE1fO2az,GeoPoint,42.99296,27.71596,731453,Dolni Chiflik,Bulgaria,BG,PPL,61,7169,2019-12-12T18:54:54.606Z,2019-12-12T18:54:54.606Z,
x0zpVWHZ4Q,GeoPoint,42.87472,25.33417,731549,Gabrovo,Bulgaria,BG,PPLA,41,66175,2019-12-12T18:54:54.606Z,2019-12-12T18:54:54.606Z,
nLxT7rVwBo,GeoPoint,42.83333,24,731626,Etropole,Bulgaria,BG,PPL,58,11031,2019-12-12T18:54:54.606Z,2019-12-12T18:54:54.606Z,
Xs4TLnoLRb,GeoPoint,43.01682,23.04852,731384,Godech,Bulgaria,BG,PPLA2,58,5154,2019-12-12T18:54:54.606Z,2019-12-12T18:54:54.606Z,
iCZUEORrDq,GeoPoint,43.70123,28.03787,731464,General Toshevo,Bulgaria,BG,PPLA2,40,7758,2019-12-12T18:54:54.606Z,2019-12-12T18:54:54.606Z,
BqHM2wkyta,GeoPoint,43.43333,26.91667,731520,Gara Hitrino,Bulgaria,BG,PPL,54,1302,2019-12-12T18:54:54.606Z,2019-12-12T18:54:54.606Z,
5Egh7qRL4i,GeoPoint,41.8,25.26667,731551,Gabrovo,Bulgaria,BG,PPLA3,44,0,2019-12-12T18:54:54.606Z,2019-12-12T18:54:54.606Z,KRZ35-03
w3CUBD77UB,GeoPoint,42.93333,25.88333,731696,Elena,Bulgaria,BG,PPL,62,6042,2019-12-12T18:54:54.606Z,2019-12-12T18:54:54.606Z,HKV34-12
ZBbNANV8b3,GeoPoint,41.49566,25.30363,731741,Dzhebel,Bulgaria,BG,PPLA2,44,3329,2019-12-12T18:54:54.606Z,2019-12-12T18:54:54.606Z,
53qOETk4AN,GeoPoint,42.66667,23.6,731675,Elin Pelin,Bulgaria,BG,PPLA3,58,7373,2019-12-12T18:54:54.606Z,2019-12-12T18:54:54.606Z,SFO17-05
509N1Jt6cn,GeoPoint,42.16667,26.56667,731670,Elhovo,Bulgaria,BG,PPL,65,11107,2019-12-12T18:54:54.606Z,2019-12-12T18:54:54.606Z,
n4loEpP8hp,GeoPoint,42.38333,25.43333,731669,Elkhovo,Bulgaria,BG,PPLA3,59,0,2019-12-12T18:54:54.606Z,2019-12-12T18:54:54.606Z,SZR38-02
QhGeTg9GYJ,GeoPoint,43.59258,25.87486,731771,Dve Mogili,Bulgaria,BG,PPLA2,53,4526,2019-12-12T18:54:54.921Z,2019-12-12T18:54:54.921Z,
lnCFZgqdgo,GeoPoint,43.51806,22.66611,732400,Chuprene,Bulgaria,BG,PPLA2,63,842,2019-12-12T18:54:54.921Z,2019-12-12T18:54:54.921Z,
Mzj1aBDnUq,GeoPoint,42.2,25.33333,732452,Chirpan,Bulgaria,BG,PPL,59,17243,2019-12-12T18:54:54.921Z,2019-12-12T18:54:54.921Z,
mjV8FToWav,GeoPoint,43.69134,22.97365,731919,Drenovets,Bulgaria,BG,PPLA2,63,0,2019-12-12T18:54:54.921Z,2019-12-12T18:54:54.921Z,VID33-04
zCSHqY0DkH,GeoPoint,43.92111,22.82111,731809,Dunavtsi,Bulgaria,BG,PPL,63,3371,2019-12-12T18:54:54.921Z,2019-12-12T18:54:54.921Z,VID09-15
tD8KYb1ADz,GeoPoint,42.05,25.6,732263,Dimitrovgrad,Bulgaria,BG,PPL,43,43288,2019-12-12T18:54:54.921Z,2019-12-12T18:54:54.921Z,
KXOV6gXs6G,GeoPoint,43.74167,22.72694,732253,Dimovo,Bulgaria,BG,PPLA2,63,1461,2019-12-12T18:54:54.921Z,2019-12-12T18:54:54.921Z,
UsQkTGgTEY,GeoPoint,42.92191,22.93109,731961,Dragoman,Bulgaria,BG,PPLA2,58,3814,2019-12-12T18:54:54.921Z,2019-12-12T18:54:54.921Z,
nqX1o6O7fW,GeoPoint,43.4,24.43333,732099,Dolni Dabnik,Bulgaria,BG,PPL,50,5259,2019-12-12T18:54:54.921Z,2019-12-12T18:54:54.921Z,
At2TYlnpRX,GeoPoint,42.3,23.76667,732145,Dolna Banya,Bulgaria,BG,PPL,58,4990,2019-12-12T18:54:54.921Z,2019-12-12T18:54:54.921Z,
kNPF8jLkKQ,GeoPoint,43.05,27.35,731822,Dalgopol,Bulgaria,BG,PPL,61,5272,2019-12-12T18:54:54.921Z,2019-12-12T18:54:54.921Z,
ke4IVDjJXL,GeoPoint,43.81667,27.15,731818,Dulovo,Bulgaria,BG,PPL,55,6788,2019-12-12T18:54:54.921Z,2019-12-12T18:54:54.921Z,
nPFIvRMhSr,GeoPoint,41.74327,24.40003,732285,Devin,Bulgaria,BG,PPL,57,7393,2019-12-12T18:54:54.921Z,2019-12-12T18:54:54.921Z,
ZmsHnXboG3,GeoPoint,43.03333,25.61667,732359,Debelets,Bulgaria,BG,PPL,62,4418,2019-12-12T18:54:54.921Z,2019-12-12T18:54:54.921Z,VTR04-13
k3Ui7UvEgh,GeoPoint,43.46667,24.53333,732122,Dolna Mitropolia,Bulgaria,BG,PPL,50,3479,2019-12-12T18:54:54.921Z,2019-12-12T18:54:54.921Z,
mqZtJbWmZk,GeoPoint,43.26667,24.1,732491,Cherven Bryag,Bulgaria,BG,PPL,50,21688,2019-12-12T18:54:54.922Z,2019-12-12T18:54:54.922Z,
8ZLN6yrsuz,GeoPoint,43.22222,27.56944,732280,Devnya,Bulgaria,BG,PPL,61,8171,2019-12-12T18:54:54.921Z,2019-12-12T18:54:54.921Z,
WI6LjpgnGj,GeoPoint,42.97897,25.4785,731882,Dryanovo,Bulgaria,BG,PPL,41,8346,2019-12-12T18:54:54.921Z,2019-12-12T18:54:54.921Z,
BMKcC0y4mG,GeoPoint,43.38417,22.88083,732456,Chiprovtsi,Bulgaria,BG,PPL,47,2080,2019-12-12T18:54:54.922Z,2019-12-12T18:54:54.922Z,
ThyqGXBl5N,GeoPoint,41.64462,24.15857,732015,Dospat,Bulgaria,BG,PPLA2,57,2802,2019-12-12T18:54:54.921Z,2019-12-12T18:54:54.921Z,
R8raqUYZKT,GeoPoint,43.46667,23.93333,732704,Byala Slatina,Bulgaria,BG,PPL,64,13307,2019-12-12T18:54:55.288Z,2019-12-12T18:54:55.288Z,
b3Vv4bqAvA,GeoPoint,42.44408,27.63902,732519,Chernomorets,Bulgaria,BG,PPL,39,2194,2019-12-12T18:54:55.287Z,2019-12-12T18:54:55.287Z,BGS21-15
wIARZVqMt9,GeoPoint,42.65,24.05,732655,Chavdar,Bulgaria,BG,PPL,58,1398,2019-12-12T18:54:55.288Z,2019-12-12T18:54:55.288Z,
9s7O3jKSdf,GeoPoint,42.7,24.08333,732636,Chelopech,Bulgaria,BG,PPL,58,1760,2019-12-12T18:54:55.288Z,2019-12-12T18:54:55.288Z,
iKq8fbXeRw,GeoPoint,41.73333,24.68333,732627,Chepelare,Bulgaria,BG,PPL,57,5478,2019-12-12T18:54:55.288Z,2019-12-12T18:54:55.288Z,
55SQNZ8deY,GeoPoint,42.50606,27.46781,732770,Burgas,Bulgaria,BG,PPLA,39,195966,2019-12-12T18:54:55.288Z,2019-12-12T18:54:55.288Z,
mU99svKHjR,GeoPoint,42.87426,27.88865,732721,Byala,Bulgaria,BG,PPLA2,61,2327,2019-12-12T18:54:55.288Z,2019-12-12T18:54:55.288Z,
gsUru1nAB9,GeoPoint,43.2,25.3,732717,Byala Cherkva,Bulgaria,BG,PPL,62,3010,2019-12-12T18:54:55.288Z,2019-12-12T18:54:55.288Z,VTR22-03
5Ef6uICm8A,GeoPoint,42.76667,23.56667,732825,Buhovo,Bulgaria,BG,PPL,42,3283,2019-12-12T18:54:55.288Z,2019-12-12T18:54:55.288Z,SOF46-49
dffosBogT6,GeoPoint,43.66075,23.06732,732862,Brusartsi,Bulgaria,BG,PPLA2,47,1734,2019-12-12T18:54:55.288Z,2019-12-12T18:54:55.288Z,
VO9qjHyjGQ,GeoPoint,42.75,23.2,732954,Bozhurishte,Bulgaria,BG,PPL,58,4360,2019-12-12T18:54:55.288Z,2019-12-12T18:54:55.288Z,
htfKudii8Q,GeoPoint,44.15167,22.6425,732915,Bregovo,Bulgaria,BG,PPLA2,63,2892,2019-12-12T18:54:55.288Z,2019-12-12T18:54:55.288Z,
U1CEwPECQn,GeoPoint,42.35,25.08333,732874,Brezovo,Bulgaria,BG,PPL,51,1947,2019-12-12T18:54:55.288Z,2019-12-12T18:54:55.288Z,
lpJlJh2z7K,GeoPoint,42.74085,22.90723,732883,Breznik,Bulgaria,BG,PPL,49,4004,2019-12-12T18:54:55.288Z,2019-12-12T18:54:55.288Z,
9dm0BQosgt,GeoPoint,42.01667,24.36667,732924,Bratsigovo,Bulgaria,BG,PPL,48,4577,2019-12-12T18:54:55.288Z,2019-12-12T18:54:55.288Z,
zwPegaHHTn,GeoPoint,42.9,23.78333,733014,Botevgrad,Bulgaria,BG,PPL,58,20909,2019-12-12T18:54:55.288Z,2019-12-12T18:54:55.288Z,
QyDkkJdVSN,GeoPoint,43.50086,25.80992,733043,Borovo,Bulgaria,BG,PPLA2,53,2467,2019-12-12T18:54:55.288Z,2019-12-12T18:54:55.288Z,
fmQt2cscQ7,GeoPoint,43.0325,23.37806,733001,Bov,Bulgaria,BG,PPLA3,58,0,2019-12-12T18:54:55.288Z,2019-12-12T18:54:55.288Z,SFO43-08
RGVgAaQ59e,GeoPoint,43.9565,22.53255,732973,Boynitsa,Bulgaria,BG,PPLA2,63,884,2019-12-12T18:54:55.288Z,2019-12-12T18:54:55.288Z,
CEOTSRRX2B,GeoPoint,43.47222,23.33583,732986,Boychinovtsi,Bulgaria,BG,PPL,47,2181,2019-12-12T18:54:55.288Z,2019-12-12T18:54:55.288Z,
H0f4H6XGCz,GeoPoint,42.36256,23.00324,733151,Bobov Dol,Bulgaria,BG,PPLA2,45,6184,2019-12-12T18:54:55.582Z,2019-12-12T18:54:55.582Z,
j1r8CwbiBv,GeoPoint,42.01667,23.1,733191,Blagoevgrad,Bulgaria,BG,PPLA,38,71306,2019-12-12T18:54:55.582Z,2019-12-12T18:54:55.582Z,
QeImGn3fiP,GeoPoint,42.15296,23.00146,733153,Boboshevo,Bulgaria,BG,PPL,45,1784,2019-12-12T18:54:55.582Z,2019-12-12T18:54:55.582Z,
n0EBBtnERr,GeoPoint,41.95694,23.5725,733322,Belitsa,Bulgaria,BG,PPL,38,3166,2019-12-12T18:54:55.582Z,2019-12-12T18:54:55.582Z,
SpeaPDkIQW,GeoPoint,43.23611,23.12583,733264,Berkovitsa,Bulgaria,BG,PPL,47,15027,2019-12-12T18:54:55.582Z,2019-12-12T18:54:55.582Z,
Xnjf0bSTGX,GeoPoint,43.62722,22.68361,733309,Belogradchik,Bulgaria,BG,PPLA2,63,5688,2019-12-12T18:54:55.582Z,2019-12-12T18:54:55.582Z,
JqIFygJLTA,GeoPoint,43.43333,23.75,733058,Borovan,Bulgaria,BG,PPL,64,2941,2019-12-12T18:54:55.582Z,2019-12-12T18:54:55.582Z,
C5FHhtDuvX,GeoPoint,41.68408,24.293,733067,Borino,Bulgaria,BG,PPLA2,57,3084,2019-12-12T18:54:55.582Z,2019-12-12T18:54:55.582Z,
3tl7BaFyfc,GeoPoint,41.58333,25.13333,733638,Ardino,Bulgaria,BG,PPL,44,3531,2019-12-12T18:54:55.582Z,2019-12-12T18:54:55.582Z,
5rhMzcc46e,GeoPoint,43.42166,28.15848,733515,Balchik,Bulgaria,BG,PPLA2,40,13000,2019-12-12T18:54:55.582Z,2019-12-12T18:54:55.582Z,
DP67FP07ZH,GeoPoint,42.73802,27.49643,733434,Bata,Bulgaria,BG,PPL,39,1235,2019-12-12T18:54:55.582Z,2019-12-12T18:54:55.582Z,BGS17-03
aNwNcQqmgJ,GeoPoint,43.64594,25.12627,733359,Belene,Bulgaria,BG,PPLA2,50,9781,2019-12-12T18:54:55.582Z,2019-12-12T18:54:55.582Z,
VtJspls92I,GeoPoint,41.61667,25.01667,733474,Banite,Bulgaria,BG,PPL,57,1279,2019-12-12T18:54:55.582Z,2019-12-12T18:54:55.582Z,
nDQyVEN4WL,GeoPoint,42.7,27.25,733579,Aytos,Bulgaria,BG,PPL,39,20986,2019-12-12T18:54:55.582Z,2019-12-12T18:54:55.582Z,
j8Kl2EeS5e,GeoPoint,41.94225,24.21843,733433,Batak,Bulgaria,BG,PPLA2,48,3917,2019-12-12T18:54:55.582Z,2019-12-12T18:54:55.582Z,
iFswq0b1Jn,GeoPoint,42.14962,26.81116,733092,Bolyarovo,Bulgaria,BG,PPL,65,1368,2019-12-12T18:54:55.582Z,2019-12-12T18:54:55.582Z,
7C73GNaibA,GeoPoint,42.01667,24.86667,733618,Asenovgrad,Bulgaria,BG,PPL,51,52170,2019-12-12T18:54:55.582Z,2019-12-12T18:54:55.582Z,
fBvB7Q5qz0,GeoPoint,42.65,25.2,733623,Asen,Bulgaria,BG,PPLA3,59,0,2019-12-12T18:54:55.582Z,2019-12-12T18:54:55.582Z,SZR24-02
eRrHeTmng0,GeoPoint,41.8383,23.48851,733462,Bansko,Bulgaria,BG,PPL,38,9232,2019-12-12T18:54:55.582Z,2019-12-12T18:54:55.582Z,
Af5jWla8n1,GeoPoint,42.21239,24.02081,733286,Belovo,Bulgaria,BG,PPL,48,4155,2019-12-12T18:54:55.582Z,2019-12-12T18:54:55.582Z,
5aeaZg2ej5,GeoPoint,43.94525,27.28751,733679,Alfatar,Bulgaria,BG,PPLA2,55,1916,2019-12-12T18:54:56.147Z,2019-12-12T18:54:56.147Z,
lKvJfpH9m7,GeoPoint,43.15,26.16667,733657,Antonovo,Bulgaria,BG,PPL,60,1543,2019-12-12T18:54:56.147Z,2019-12-12T18:54:56.147Z,
t2WjbR9w7n,GeoPoint,42.84142,24.91759,733649,Apriltsi,Bulgaria,BG,PPL,46,3851,2019-12-12T18:54:56.147Z,2019-12-12T18:54:56.147Z,
voHYWtumRM,GeoPoint,43.25615,27.82105,733716,Aksakovo,Bulgaria,BG,PPL,61,7132,2019-12-12T18:54:56.147Z,2019-12-12T18:54:56.147Z,
gsGsod7eH8,GeoPoint,42.75,24.28333,733660,Anton,Bulgaria,BG,PPL,58,1697,2019-12-12T18:54:56.147Z,2019-12-12T18:54:56.147Z,
PMd1s4muut,GeoPoint,43.40296,28.41189,8604898,Balgarevo,Bulgaria,BG,PPL,61,1375,2019-12-12T18:54:56.148Z,2019-12-12T18:54:56.148Z,
HhW0yxDlzW,GeoPoint,43.285,28.0418,6355004,Zlatni Pyasatsi,Bulgaria,BG,PPL,61,9760,2019-12-12T18:54:56.148Z,2019-12-12T18:54:56.148Z,
HUvBZFrCQr,GeoPoint,42.09768,27.93961,733722,Ahtopol,Bulgaria,BG,PPL,39,1107,2019-12-12T18:54:56.147Z,2019-12-12T18:54:56.147Z,BGS13-01
hraggmVkLj,GeoPoint,42.64987,27.64838,7874334,Aheloy,Bulgaria,BG,PPL,39,2112,2019-12-12T18:54:56.148Z,2019-12-12T18:54:56.148Z,
